Timestamp,Role,Educational Level,Field of Study,Level of Digital Literacy,Comfort with Technology,Formal Training on AI,Helpfulness of Training,Familiarity with Traditional Essays,Familiarity with Reflective Reports,Effectiveness Traditional Essays,Effectiveness Reflective Reports,Preferred Essay Type,Reason for Preference,Reason for AI Feedback (Traditional),Reason for AI Feedback (Reflective),AI Tools Setting Preference,AI Tools Setting for Essay Type (Classroom),Bias Issues Traditional Essays,Bias Issues Reflective Reports,Adaptation of AI Tools (Traditional Essays),Adaptation of AI Tools (Reflective Reports),Enhancement of Learning (Traditional Essays),Enhancement of Learning (Reflective Reports),Impact on Writing Skills (Traditional Essays),Impact on Reflective Thinking Skills (Reflective Reports),Academic Performance Influence (Traditional Essays),Academic Performance Influence (Reflective Reports),Impact on Quality of Essays (Traditional Essays),Impact on Quality of Essays (Reflective Reports),Usability Issues (Traditional Essays),Usability Issues (Reflective Reports),Satisfaction with User Support (Traditional Essays),Satisfaction with User Support (Reflective Reports),Frequency of AI Tool Usage (Traditional Essays),Complexity of AI Tools (Reflective Reports),Ease of Use of AI Tools (Traditional Essays),Need for Technical Support (Reflective Reports),Integration of Functions (Traditional Essays),Consistency of AI Tools (Reflective Reports),Ease of Learning AI Tools (Traditional Essays),Cumbersomeness of AI Tools (Reflective Reports),Confidence Using AI Tools (Traditional Essays),Learning Requirements for AI Tools (Reflective Reports)
"2024/07/08 10:00:00 AM GMT",Student,Undergraduate,Psychology,4,3,Yes,3,Familiar,Moderately familiar,7,4,Reflective Report,"I find it more engaging and reflective of my personal growth.","It helps me analyze my thought process better than traditional essays.","To have more time for reflection and analysis.","Self-study",Reflective Report,3,2,4,5,3,4,3,5,4,4,5,4,Bias in scoring,Time management,3,2,4,3,4,3,5,4,4,3
"2024/07/08 10:01:00 AM GMT",Educator,Postgraduate,Education,3,4,No,N/A,Familiar,Familiar,6,3,Traditional Essay,"It allows me to present information in a structured manner.","It helps students understand their grammar and structure errors better.","To ensure all students receive consistent feedback.","Classroom",Traditional Essay,2,1,3,4,4,3,4,3,5,4,4,3,Cognitive load,Integration with existing tools,4,2,4,4,4,3,4,3,5,3
"2024/07/08 10:02:00 AM GMT",Student,Undergraduate,Engineering,4,5,Yes,4,Familiar,Familiar,8,2,Traditional Essay,"It feels more natural and allows me to express my ideas clearly.","It catches grammatical mistakes I might miss.","To get real-time feedback and improve quickly.","Self-study",Traditional Essay,1,3,5,2,5,2,5,3,4,3,4,2,Complex interface,Integration issues,3,3,5,2,4,4,5,2,5,2
"2024/07/08 10:03:00 AM GMT",Administrator,Postgraduate,Public Administration,2,2,Yes,2,Some familiarity,Some familiarity,5,3,Traditional Essay,"It helps in structuring arguments effectively.","It ensures coherence in my writing.","To ensure fairness in grading across all students.","Self-study",Traditional Essay,3,2,3,4,3,4,2,4,3,5,3,3,Data security,Slow performance,2,3,4,3,3,4,4,2,4,3
"2024/07/08 10:04:00 AM GMT",Researcher,Doctorate,Computer Science,5,5,Yes,5,Very familiar,Very familiar,9,5,Reflective Report,"It allows me to introspect deeply and analyze my experiences.","It helps me refine my arguments and logic.","To better understand the impact of personal experiences on decision-making.","Classroom",Reflective Report,1,1,5,5,5,5,5,5,5,5,5,5,Integration with research tools,None,5,1,5,1,5,1,5,1,5,1
"2024/07/08 10:05:00 AM GMT",Student,Undergraduate,Biology,3,3,Yes,3,Familiar,Some familiarity,7,3,Reflective Report,"It allows me to reflect on my learning and personal growth.","It helps me identify my strengths and weaknesses.","To have a more holistic view of my progress.","Self-study",Reflective Report,2,3,4,4,4,4,3,4,3,4,3,3,Privacy concerns,User interface issues,4,2,4,2,4,2,4,2,4,2
"2024/07/08 10:06:00 AM GMT",Educator,Postgraduate,Literature,4,4,Yes,4,Very familiar,Familiar,8,4,Reflective Report,"It allows for creativity and self-expression.","It helps students develop critical thinking skills.","To encourage deeper thinking and reflection.","Classroom",Reflective Report,3,2,4,3,5,4,4,5,4,5,4,4,Integration with curriculum,Inconsistency in feedback,5,3,5,3,5,3,5,3,5,3
"2024/07/08 10:07:00 AM GMT",Educator,Postgraduate,Social Sciences,3,4,Yes,4,Familiar,Very familiar,6,4,Traditional Essay,"It helps in teaching structured writing.","It ensures students focus on content more than grammar.","To save time on grading and focus more on teaching.","Classroom",Traditional Essay,2,1,4,4,4,3,5,4,4,4,4,3,System compatibility,Technical support,4,2,4,2,4,2,4,2,4,2
"2024/07/08 10:08:00 AM GMT",Student,Undergraduate,History,2,3,No,N/A,Some familiarity,Familiar,6,3,Reflective Report,"It allows me to express personal experiences and insights.","It helps me structure my thoughts coherently.","To improve my writing skills with self-reflection.","Self-study",Reflective Report,2,3,3,4,4,3,4,3,4,3,3,3,Slow response times,Navigation issues,3,3,4,3,3,3,4,3,4,3
"2024/07/08 10:09:00 AM GMT",Administrator,Postgraduate,Public Health,3,2,Yes,3,Familiar,Familiar,5,2,Traditional Essay,"It ensures students learn to communicate effectively.","It helps students improve their writing mechanics.","To ensure fair and consistent assessment.","Classroom",Traditional Essay,3,2,4,3,3,4,3,4,3,4,3,3,Training needs,Integration with existing systems,2,3,4,3,3,3,4,3,4,3

